name,amenity,longitude,latitude
Family Doctors at 365,doctors,103.7202944,1.3377341
Bukit Merah Polyclinic,clinic,103.8170178,1.2836914
Geylang Polyclinic,clinic,103.88731,1.3195749
Woodlands Polyclinic,clinic,103.7752254,1.4307876
Jurong Polyclinic,clinic,103.7307295,1.3496231
Bukit Batok Polyclinic,clinic,103.747842,1.3520458
Tampines Polyclinic,clinic,103.9458598,1.3572803
Sengkang Polyclinic,clinic,103.8941112,1.3926934
Outram Polyclinic,clinic,103.8381683,1.2799045
Marine Parade Polyclinic,clinic,103.9077648,1.3025477
Bedok Polyclinic,clinic,103.9316066,1.3269378
Pasir Ris Polyclinic,clinic,103.9592631,1.3686674
Farrer Park Hospital,hospital,103.854,1.3126
Woodlands Joint Testing & Vaccination Centre,hospital,103.7865619,1.4376172
SpecialKids Child Health & Development Clinic,clinic,103.830618,1.3550308
Thomson Plaza Dental Surgery,dentist,103.8304205,1.3549339
Epismile Inc Dental group Pte Ltd,dentist,103.8314278,1.3545174
Y. C. Goh Clinic & Surgery for Women,clinic,103.8308474,1.3549123
KidsNexus Paediatric Centee,clinic,103.8306268,1.3550521
L&L Family Medicine Clinic,clinic,103.8362889,1.3529096
Nam Fung Dental Surgery,dentist,103.8910426,1.3147407
Guardian,pharmacy,103.8532762,1.2928333
Guardian,pharmacy,103.8536633,1.2938658
Teeth.Q,dentist,103.8950703,1.3627312
Unity,pharmacy,103.8485457,1.3508573
Watsons,pharmacy,103.9026066,1.4065181
Universal Energy Therapy,,103.835443,1.3532904
Hong Kang TCM Tui Na,,103.9047628,1.3172925
Guardian,pharmacy,103.9132787,1.4025433
Wong Clinic,clinic,103.9252282,1.3312289
Cornerstone Medical,clinic,103.7847028,1.3084808
Clementi Family Healthpoint Clinic & Surgery,clinic,103.7669293,1.3210349
Aspen Clinic,doctors,103.8446986,1.3589946
Raffles Medical,doctors,103.8448713,1.3586943
Dover Dental Surgery,dentist,103.7816055,1.3047532
Dover Clinic and Surgery,clinic,103.7816359,1.3046845
Anderson Medical Centre,doctors,103.8448813,1.3585768
1 Bishan Medical,doctors,103.8445351,1.3591188
Meiziya,,103.8627866,1.3125493
Vertex Pharmacy,pharmacy,103.8655175,1.3243358
DSC,clinic,103.8569422,1.3066129
Sincere,clinic,103.8374022,1.4369623
Bukit Timah Nam Sang Clinic,clinic,103.7732416,1.3404871
Gethin-Jones Medical Practice,doctors,103.6819925,1.3430696
Jurong Day & Night Clinic,doctors,103.693105,1.3416751
Prohealth Medical Group,doctors,103.7207694,1.3344934
Acumed Medical Group,doctors,103.6521976,1.3173353
Community Medical Clinic,doctors,103.7121778,1.3467542
Boon Lay Clinic & Surgery,doctors,103.7121847,1.3464427
Bless Medical Centre,doctors,103.7122329,1.3463877
Acumed Medical Group,doctors,103.7224647,1.3323546
Drs Tang & Partners,doctors,103.7223379,1.3322962
Healthserve Community Clinic,doctors,103.7244263,1.326912
Family Point Clinic & Surgery,doctors,103.7206124,1.334493
Prohealth Medical Group,doctors,103.7204337,1.334493
Acumed Medical Group,doctors,103.7043755,1.2673611
Clifford Dispensary,doctors,103.7098961,1.3472212
Dr Soh Family Clinic,doctors,103.6930673,1.3416457
"Drs Koo, Fok & Associates",doctors,103.6938204,1.3286162
Lim Clinic,clinic,103.9071018,1.3181617
Bukit Timah Clinic,clinic,103.8091001,1.3246212
Wonders of TCM Health,,103.7735594,1.3404726
NTUC Health,,103.883015,1.3754053
Chiropractic First,clinic,103.8936732,1.3727302
Chai Chee Clinic & Surgery,clinic,103.9242809,1.3232712
Siglap Clinic,clinic,103.9119627,1.309495
Pandan Clinic Pte Ltd,doctors,103.7483127,1.320749
Northeast Medical Centre,doctors,103.6973409,1.337197
Novena Specialist Center,clinic,103.8446597,1.3201236
Crescent Clinic & Surgery,clinic,103.9027504,1.3213131
X Maris B. Clinic,clinic,103.8580478,1.3025494
Shine Family Clinic,doctors,103.7229812,1.3505812
Northeast Medical Group,clinic,103.8955251,1.392089
The Kid's Clinic,clinic,103.8949847,1.391592
Eu Yan Sang TCM Clinic,clinic,103.8949411,1.3916316
Watsons,pharmacy,103.8951161,1.3924069
Guardian,pharmacy,103.8346265,1.4173076
Q&M Dental Surgery,dentist,103.9447323,1.354389
Raffles Medical,clinic,103.9452485,1.3539705
Dental Designs,dentist,103.8482084,1.2819195
Medical Clinic,clinic,103.8513543,1.2938773
Your River Valley Dentist is Here,dentist,103.8422451,1.2941389
Pinnacle Family Clinic,clinic,103.8422718,1.294114
National Cancer Centre Singapore Proton Therapy Centre,hospital,103.8380544,1.2813333
Guardian,pharmacy,103.8851045,1.3077267
Eng Onn Chuan Medical Hall,pharmacy,103.8860965,1.3291996
Guardian,pharmacy,103.8499574,1.2911849
Smile Central Clinic,dentist,103.8863251,1.3191377
Guardian,pharmacy,103.8383683,1.3012142
Peace Family TCM Clinic,clinic,103.8429716,1.2834149
Guardian,pharmacy,103.9322528,1.3724048
Smiling Happi Feet Reflexology,,103.8939195,1.3726558
The Smell Lab,,103.894873,1.3918602
Eu Yan Sang,,103.873,1.3500266
Hockhua Tonic,,103.8725538,1.3508452
Polygems Dental Care,dentist,103.8797562,1.3916656
HMI Onecare Clinic,clinic,103.8800584,1.3917097
Vitacare Family Clinic,clinic,103.8796958,1.3916529
Rochor Dental Clinic,dentist,103.8525453,1.3017517
Guardian,pharmacy,103.9439101,1.3524991
Fullerton Health Hub,clinic,103.9483825,1.373491
Raffles Medical,clinic,103.9496416,1.3725809
Minmed Clinic,clinic,103.9494868,1.3725843
Guardian,pharmacy,103.9499507,1.3724014
Advanced Dental,dentist,103.9484491,1.3734942
Parkway Shenton Medical Clinic,clinic,103.9485133,1.3739779
Twinkle Family Dentalcare,dentist,103.9485354,1.3741672
Guardian,pharmacy,103.8426623,1.2919885
Advanced Dental Toa Payoh,dentist,103.8565629,1.335338
Prohealth,clinic,103.772944,1.3771215
Advanced Dental @ Bukit Panjang,dentist,103.7731787,1.3780804
Renxin Traditional Chinese Medicine,pharmacy,103.8512057,1.300019
Q&M Dental Surgery,dentist,103.8650391,1.3638425
Nuffield Dental,dentist,103.8657066,1.3634203
Kensing On Family Clinic,clinic,103.8661529,1.3653193
Pure Dental Studio,dentist,103.8660422,1.3649404
GJ Medical Clinic,doctors,103.7062423,1.3401964
Fullerton Healthcare,doctors,103.706178,1.3401735
Jurpoint Medicare Clinic,doctors,103.7059079,1.3400736
Raffles Medical,doctors,103.7061135,1.3401456
Point Medical Group,doctors,103.7059716,1.3400951
Guardian,pharmacy,103.8466779,1.3270712
K C Yeo Surgery & Clinic for Women,clinic,103.8423768,1.3254703
Foo Clinic,doctors,103.6913199,1.341631
Nanyang Centre Clinic,doctors,103.6905865,1.3414988
Westfield Dental Surgery,dentist,103.9012261,1.3107822
Vincent's Dental Surgery,dentist,103.8951797,1.3082826
Ang Liang Medical Hall,clinic,103.8871937,1.3288707
The Dental Practice,dentist,103.8918938,1.3151595
M. Lam Clinic,clinic,103.8905887,1.3149067
ECM Clinic & Surgery PTE LTD,clinic,103.8826951,1.3149644
Wong Pang Ong Bone Injury Specialists,clinic,103.9016923,1.310527
Lotus Medical Clinic,clinic,103.885769,1.3393816
Tai Seng Clinic,clinic,103.8862108,1.3387994
LifeCare Medical Centre,clinic,103.8869933,1.3290079
Miao Quan Acupunturist & Chinese Physician,pharmacy,103.8868891,1.329079
Chin Choo Clinic,clinic,103.8862708,1.3292358
Tripod Dental Clinic,dentist,103.8854568,1.3286916
Vidajoie Chiropractic Centre,doctors,103.8998577,1.3128341
Frankel Clinic,clinic,103.922067,1.3119584
Liang Clinic,clinic,103.9219988,1.3119289
Family Clinic,clinic,103.9293425,1.3132177
Thomson Women's Centre,clinic,103.9056588,1.3062498
Lee Clinic,clinic,103.9047052,1.3065917
Dr Lam's Dental Surgery,dentist,103.9047233,1.3064296
Coast Dental,dentist,103.9047992,1.3063195
Singapura Clinic,clinic,103.8499262,1.2987062
Mount Pleasant Animal Clinic,clinic,103.905867,1.3063613
Crown Dental Clinic,dentist,103.9059817,1.3067515
Kai Clinic,clinic,103.9071726,1.3076062
Yeo Mei Lim Medical Hall,pharmacy,103.8720745,1.3127107
Tripod Dental Clinic,dentist,103.8721115,1.3126391
New Town Clinic,clinic,103.8712262,1.3143585
Watsons,pharmacy,103.8385412,1.2976864
Wah Long Chinese Medical Hall,,103.8800018,1.3916991
Chiropractic First,,103.9486523,1.3734423
Joyre TCMedi Spa,,103.9484109,1.3736203
Kin Teck Tong TCM Clinic,,103.9486656,1.3740231
Sin Kang TCM Clinic,,103.9484919,1.3737346
Urban Dental,,103.8448059,1.2846505
Renda TCM Clinic,,103.8422686,1.3249295
Guardian,pharmacy,103.9012535,1.4178864
Q&M Dental Centre,dentist,103.8566198,1.3111377
"Ear, Nose & Throat Specialist Clinic",clinic,103.7932408,1.3023032
Takeda Pharmaceuticals Asia Private Limited,pharmacy,103.7923943,1.3016444
Etern Medical Clinic (Sengkang),clinic,103.8762046,1.3915161
Unity,pharmacy,103.8760839,1.3916093
Prohealth Medical Group,clinic,103.7405206,1.3560251
Guardian,pharmacy,103.7408891,1.355879
Q&M Dental Centre (Bugis),dentist,103.8552698,1.2989699
The Dental Practice (Paya Lebar),dentist,103.8946342,1.3190869
Chiro Time,clinic,103.8948875,1.3146784
True Medical Clinic,clinic,103.892736,1.3174634
Q&M Dental Surgery (Payar Lebar),dentist,103.8927126,1.3175358
Intemedical Kovan,clinic,103.8865521,1.3593732
DP Dental,dentist,103.8850064,1.3592884
King's Dental Surgery (Kovan) Pte Ltd,dentist,103.8846926,1.3585469
Goh Clinic & Surgery,clinic,103.8847533,1.3586058
Eastern Hougang Eye Specialist,clinic,103.8835025,1.3578976
Pang Dental,dentist,103.8835372,1.3578654
Olive Tree,clinic,103.8288073,1.3061
Watsons,pharmacy,103.8285102,1.3063702
Nuffield Dental Jewel,dentist,103.8303086,1.3048813
Shinagawa Eye Centre,clinic,103.8302232,1.3047759
AOMS Japanese Dental,dentist,103.830543,1.3047194
Geylang Serai Clinic,clinic,103.9016327,1.3167538
Liverpool Dental Care,dentist,103.8473144,1.3702097
NTUC Health Denticare (Ang Mo Kio),dentist,103.8483566,1.3693255
Hougang Specialist Eye Centre,clinic,103.8864401,1.3721376
Pow Family Clinic & Surgery,clinic,103.8839615,1.3701565
Q&M Dental Surgery (Buangkok Mrt),dentist,103.8929339,1.3833838
Kidslink Children's Clinic,clinic,103.8985765,1.3898718
Adelphi Psych Medicine Clinic,clinic,103.851479,1.2912098
Shenton Dental Surgery,dentist,103.8510405,1.2914877
Guardian,pharmacy,103.8926094,1.3177085
Eye Care Clinic Bishan,clinic,103.8495404,1.3483241
Tanglin Dental @ Bishan,dentist,103.8490322,1.3491908
The Smile Clinique,dentist,103.8495687,1.3485077
Pure Dental,dentist,103.8493614,1.3486686
beAyur,,103.8454139,1.2769671
Bukit Timah Seu Teck Sean Tong Instituition Limited,,103.741726,1.3416568
Dr.stretch,,103.8941119,1.3190118
Foot Rest Reflexology,,103.8936594,1.315077
City Herbs Trading,,103.8935604,1.3150935
Yue Hwa Chinese Products,,103.8854579,1.3595648
Natrahea,,103.884775,1.359357
Hockhua Tonic,,103.8846029,1.3580597
Meiseido,,103.830262,1.3054296
Chinese Nature-Cure Institute,,103.8300037,1.3054984
Bee's Brand,,103.8473473,1.3717814
Prudence Family Clinic,clinic,103.8499904,1.3494771
DA Clinic @ Bishan,clinic,103.8493688,1.3483221
Lifeline Bishan Medical Clinic,clinic,103.8495324,1.3482867
Sunbeam Medical Clinic,clinic,103.7697056,1.3806587
Q&M Dental Surgery (Eunos MRT),dentist,103.9034449,1.319851
Neoh & Ong Medical Clinic,clinic,103.9033134,1.3202162
Kirin Clinic & Surgery,clinic,103.9032353,1.3211592
Pinnacle Family Clinic (Compassvale),clinic,103.8969541,1.3976235
Unity,pharmacy,103.9128741,1.3942198
Advanced Dental,dentist,103.913105,1.3944154
The Dental Inn,dentist,103.9129297,1.3941729
Dr. W Family Clinic,clinic,103.8055343,1.3164845
Yap Medicare Clinic & Surgery,clinic,103.805643,1.3165799
Q&M,dentist,103.8266433,1.2857247
SBCC Baby & Child Clinic,clinic,103.8279775,1.2863998
Yim Clinic,clinic,103.8286335,1.2860934
SmileArts @ Tiong Bahru,dentist,103.828648,1.2860349
HeartlandHealth,clinic,103.8187598,1.2868999
Providence Clinic @ Redhill,clinic,103.8188227,1.2869037
SATA CommHealth Uttamram Medical Centre,clinic,103.9213776,1.3277349
Faith Clinic,clinic,103.921278,1.3372021
St. Andrew's Dental Surgeons,dentist,103.8437023,1.2748043
Sengkang Free Clinic,clinic,103.9007925,1.384419
Unity,pharmacy,103.9043542,1.3924674
An Kang TCM,doctors,103.7512531,1.3617029
Smile Doctor Dentalcare,dentist,103.9016745,1.4064043
Thomson Paediatric Centre,clinic,103.9021658,1.4060276
Raffles Medical,clinic,103.9022079,1.4060373
Rochor Dental Clinic,dentist,103.8523198,1.3026118
Winsome,clinic,103.8565822,1.3242466
Pharmacy,pharmacy,103.8013186,1.2865496
Chinese Medical Centre,,103.9128763,1.394152
Ma Kuang,,103.8290982,1.2860578
United TCM Clinic,,103.8289485,1.2860942
Yap TCM Clinic,,103.8290604,1.286091
Chien Chi Jow,,103.8180929,1.2884345
Bukit Timah Seu Teck Sean Tong Instituition Limited,,103.7688895,1.3123485
马光中医诊所,,103.7432411,1.3342704
Psycare,,103.8493975,1.2900369
Thomson Chinese Medicine,,103.902189,1.406149
ZTP,,103.9021918,1.406414
Nuffield Dental Harbourfront,dentist,103.820089,1.2641439
Unity Denticare,dentist,103.8204475,1.2640586
Raffles Medical,clinic,103.820005,1.2648169
Eastern Clinic & Surgery,clinic,103.730558,1.347685
West Coast Dental,dentist,103.8568581,1.2915621
Guardian,pharmacy,103.7490967,1.3498011
Q&M Dental Surgery (Redhill MRT),dentist,103.8172116,1.2891955
Guardian,pharmacy,103.7874727,1.2989777
Hockhua Tonic,,103.8449771,1.2856749
Crawfurd Medical,clinic,103.8585405,1.2957062
Central 24-HR Clinic,doctors,103.7247113,1.3500434
Eden Family Clinic,doctors,103.7253692,1.3498403
John T.L. Lim Clinic & Surgery,doctors,103.7242788,1.3501969
Loi+Wong Clinic & Surgery,doctors,103.7252922,1.3491651
Oriental Family Clinic,doctors,103.7244728,1.3488909
Sunnyvale Clinic & Surgery,doctors,103.7241023,1.3486841
Jurong Dental Surgery,dentist,103.7193168,1.349609
Eden Dental Surgery,dentist,103.958232,1.368865
W H Yak Family Clinic,doctors,103.9338473,1.3231246
Bedok Family Clinic & Surgery,clinic,103.9347244,1.3275353
One Care Clinic,clinic,103.9298243,1.3239358
Temasek Clinic & Surgery,clinic,103.9439857,1.3198308
Kang Clinic,clinic,103.85489,1.3739658
Guardian,pharmacy,103.9532599,1.3426954
Watsons,pharmacy,103.9530366,1.3423836
Guardian,pharmacy,103.8204771,1.2648898
Unity,pharmacy,103.8204529,1.2643469
Watsons,pharmacy,103.8201152,1.2648288
Casa Dental,clinic,103.7686377,1.3098704
My Family Clinic,clinic,103.7685997,1.3098536
Etern Medical Clinic,clinic,103.9017647,1.4042887
T.S. Wong Clinic & Surgery,clinic,103.7755304,1.4342345
Kerbal-Basic TCM Clinic,clinic,103.8277584,1.2893739
Pacific Family Clinic,hospital,103.8162752,1.2891999
Mandarin Dental Centre,dentist,103.81578,1.2833402
Fu-Xing Paediatric & Family Clinic,doctors,103.8158642,1.2834507
G.H. Goh Dental Surgery,dentist,103.8159172,1.2836612
Fresenius Medical Care,doctors,103.8159022,1.2836016
Fresenius Medical Care,doctors,103.8159783,1.2839038
"Drs. Koo, Koh & Associates P.L. Medical Clinic",doctors,103.8163966,1.2837158
Guardian,pharmacy,103.8268953,1.2866202
iDental,dentist,103.8474883,1.2778601
Watsons,pharmacy,103.8569914,1.2995747
Guardian,pharmacy,103.7642915,1.3796894
Q&M Dental Surgery (Hougang Central) Pte Ltd,dentist,103.8933129,1.3715289
Newport Dental,dentist,103.8733077,1.3023029
Pinnacle Family Clinic (Pasir Ris),clinic,103.9455918,1.3731372
My Family Clinic (Clementi 325),clinic,103.7668558,1.3152781
Ally Health,clinic,103.7668554,1.3150925
Punggol Polyclinic,,103.9131704,1.4031609
Richlife Chinese Medical Centre,,103.8933779,1.3716644
CCK Family Clinic,clinic,103.7431167,1.3846616
The Premier Medical Clinic,clinic,103.7431023,1.3847135
BOEY @ Holland V Family Clinic,clinic,103.7952681,1.3110846
Smile Arts,dentist,103.7642657,1.363292
Guardian,pharmacy,103.8235722,1.3050006
Mutual Healthcare Medical Clinic,clinic,103.8901654,1.3914507
Phoon Clinic and Surgery,clinic,103.9145848,1.3321484
Island Family Clinic (Anchorvale),clinic,103.88987,1.3990265
Smile Dental Surgery,dentist,103.8947802,1.3920084
Voon Eye Clinic,clinic,103.849542,1.3005009
Ng & Lum Dental Surgery,dentist,103.8495316,1.3021639
Healthway Medical,clinic,103.9015722,1.3854786
Unity,pharmacy,103.9020503,1.3855595
Rivervale Family Clinic & Surgery,clinic,103.9020987,1.3858049
Sengkang Dental Surgery,dentist,103.9016237,1.3855648
SBCC Baby & Child Clinic (Rivervale Plaza),clinic,103.9016163,1.3854882
Lifeline Medical Group,clinic,103.9015933,1.385525
Luminous,dentist,103.8865515,1.3743619
Harmony Dental Surgery,dentist,103.8864082,1.3733799
Neighbourhood Medical Clinic,clinic,103.8861324,1.3733522
Grace (SL) Medical Centre,clinic,103.8935956,1.3718288
Radiant Medical & Aesthetic Centre,clinic,103.8934328,1.3716219
Pro Eyez Optometrists,,103.902033,1.3858372
Hockhua Tonic,,103.9016067,1.3850079
Jintaitong,,103.9017166,1.3849302
Amrita Ayurveda & Yoga,,103.8524427,1.3065164
Hockhua Tonic,,103.8865508,1.3744164
Sunbeam,clinic,103.8891266,1.3937889
DA Clinic@Anchorvale,clinic,103.8870606,1.3933433
Q&M Medical Clinic (Buangkok Mrt),clinic,103.8929226,1.3833115
The Olive Tree Family Clinic & Surgery,clinic,103.8904646,1.3871009
Kenneth Tan Medical Clinic,clinic,103.9191908,1.3999411
Smiles R Us,dentist,103.9192884,1.3998721
My Family Clinic (Punggol Central),clinic,103.9059814,1.403537
Dental Focus,dentist,103.8640623,1.3192652
W Y Teh Family Clinic And Surgery,clinic,103.9548835,1.3588127
Cecilia Family Clinic & Surgery,clinic,103.952748,1.3620169
Choong's Clinic,clinic,103.9534674,1.3619964
Unity,pharmacy,103.8936817,1.372586
MyCLINQ,clinic,103.8938451,1.3740616
Family Healthcare Clinic & Surgery,clinic,103.8908413,1.3737179
Faith Dental Surgery,dentist,103.8724153,1.3699728
Guardian,pharmacy,103.8472831,1.3705653
Kids First Clinic,clinic,103.8474714,1.3723101
Raffles Medical,clinic,103.8474507,1.3724889
OneDoctors,clinic,103.848313,1.3710916
Immanuel Dialysis Centre,clinic,103.8553457,1.3722759
Chua Medico Clinic,clinic,103.8550581,1.3723173
Atrio Family Clinic,clinic,103.8549642,1.3738781
24 Hr Clinic,clinic,103.8538831,1.3728753
Singapore Buddist Free Clinic (Ang Mo Kio),doctors,103.8477074,1.3661806
Hougang Family Medicine Clinic,clinic,103.8828083,1.3751487
Medlife Clinic & Surgery,clinic,103.8870422,1.3741186
Eu Yan Sang TCM Clinic,,103.8473866,1.3719858
Yong Kang TCM Clinic,,103.847884,1.3717735
Healthway Medical,clinic,103.8565262,1.3688314
Q&M Dental Surgery (Seletar),dentist,103.8761587,1.3916336
Bok Family Clinic,clinic,103.9086289,1.3314614
Slikroutes @ Sengkang Clinic,clinic,103.8911956,1.3825278
Island Family Clinic (Sengkang),clinic,103.8932903,1.386049
Q&M Dental Surgery (Kovan) Pte Ltd,dentist,103.8842808,1.3585735
Dover Medical Centre,clinic,103.7876362,1.298947
Singapore Advanced Medicine Proton Therapy,hospital,103.7931057,1.3010276
Drs Koo Loh & Associates,doctors,103.7206635,1.3270611
Casa Dental (Holland),dentist,103.7929917,1.3085503
Q&M Dental Surgery,dentist,103.7519778,1.3591361
Kinsway Medical Clinic(Beauty World),clinic,103.7760786,1.3418231
Acumed Medical Group,doctors,103.6957771,1.3248462
Seng Hwa Acupuncture & Chinese Medical Centre,,103.9085226,1.3314703
Eu Yan Sang,,103.902115,1.4064502
Zhong Yi Fang,,103.883451,1.3702712
Joyful Foot,,103.8839643,1.3708561
JW Corporation Clinic,doctors,103.7184351,1.3489854
Sunshine Family Clinic,doctors,103.7265472,1.3495462
Xing Juan TCM Clinic,clinic,103.8713239,1.3918621
Kin Teck Kong,clinic,103.8943566,1.3187616
NEUGen Dental,dentist,103.9148519,1.3336103
SOG Clinic for Children,clinic,103.8289334,1.286071
Integrated Building (CGH-SACH),hospital,103.9483102,1.3413012
The Clinic @ Tai Seng,clinic,103.8885834,1.3363319
TSD Dental Group (Hougang),dentist,103.8935907,1.371269
Medivene Clinic & Surgery,clinic,103.8893207,1.3967943
Thong Chai Medical Institution Sengkang,,103.8940416,1.3927453
Unity,pharmacy,103.8305445,1.354445
Medora Clinic & Surgery,clinic,103.8866274,1.3381568
Kong Kian Clinic,clinic,103.8850836,1.3401269
T Medical Clinic (City Gate),clinic,103.8623493,1.3019416
中国中医 Chinese medical centre,clinic,103.8538867,1.3004442
Watsons,pharmacy,103.8344064,1.302494
Knead,,103.7944891,1.3118382
WINGS Counselling Centre,,103.8794761,1.3434431
Pulse TCM Clinic,,103.8306925,1.3046415
Guardian,pharmacy,103.8340823,1.3030615
Marti Derm La Formula,clinic,103.8598693,1.3043747
Guardian,pharmacy,103.8629492,1.3074723
New World Clinic & Surgery,clinic,103.8578754,1.3072509
Horizon Dental Surgery,dentist,103.8405964,1.2872178
Fullerton Healthcare,clinic,103.8535499,1.2794961
Watsons,pharmacy,103.8511856,1.2792415
Shenton Family Medical Clinic,clinic,103.8411354,1.2760068
Toof Doctor,dentist,103.8411717,1.2759416
Mao Medical Center & Surgery,doctors,103.8318569,1.2773807
Tiong Bahru Medical Centre,clinic,103.8293517,1.2850445
Sterling Clinic & Surgery,clinic,103.8762537,1.3506468
NTUC Health Denticare (Bishan),dentist,103.849542,1.3489348
OneDoctors,clinic,103.8730547,1.3499221
Beijing Tong Ren Tang,,103.8622754,1.3083634
Bloodbank @ Dhoby Ghaut,,103.8457756,1.2988323
Ark Chiropractic,,103.7873626,1.2991762
DA Clinic @ Anson,clinic,103.8458445,1.2761097
Shenton Medical Group,clinic,103.9629861,1.3356811
Watsons,pharmacy,103.9628576,1.3343361
MyDoctor @Balestier,doctors,103.8508009,1.3252432
N B Tham Clinic,clinic,103.8533853,1.3225422
Priya Sen Skin & Laser Centre,hospital,103.8136561,1.3225665
Healthway Kembangan Clinic,doctors,103.9109013,1.3235646
Atria-Pan Dental Group,dentist,103.748094,1.320794
Unity Dental Surgery,dentist,103.8997388,1.3184365
Family Clinic,clinic,103.9047441,1.3209029
EC Family Clinic,clinic,103.9038068,1.3198925
Guardian,pharmacy,103.8949352,1.3146737
Q&M Dental Surgery (Tanjong Katong),dentist,103.8948214,1.3149473
Watsons,pharmacy,103.8944903,1.3148499
Smiles R Us Dental Clinic,dentist,103.8945717,1.3144959
National Neuroscience Institute,doctors,103.8455834,1.3220719
EMME Visioncare,,103.8201961,1.2649686
Eu Yan Sang Premier TCM Centre,,103.8204666,1.2642475
Hallmark,,103.8420715,1.3236379
Dragon Foot Reflexology Centre,,103.8935681,1.3145941
Lucid Eyecare,,103.8944727,1.3149923
Central Clinic,clinic,103.8866552,1.319258
Singapore Buddhist Free Clinic,clinic,103.881475,1.3154371
ECM X-Ray Centre PTE LTD,clinic,103.8829388,1.3150317
Boon Keng Clinic & Surgery,clinic,103.8708068,1.3141948
Wan Seng Tong Traditional Medical Hall,pharmacy,103.8710965,1.3143079
Balance&Cleanse,clinic,103.8736811,1.3110371
Royce Orthodontic & Paediatric Dental Centre,dentist,103.9052085,1.3051483
Insync Medical,clinic,103.9040216,1.3048875
Watsons,pharmacy,103.9048197,1.3052733
Wan's Dentist,dentist,103.901176,1.3108455
EstheClinic Paris,clinic,103.9040604,1.3070444
Dental Surgery,dentist,103.9017317,1.3167746
Chiat Clinic for Women,doctors,103.8996213,1.3134445
Watsons,pharmacy,103.8227771,1.2649875
First Aid Station,doctors,103.9153896,1.3013624
Watsons,pharmacy,103.9052333,1.3018552
Xinhuo Medical Clinic,clinic,103.8794922,1.31277
Nanyang Dentist,dentist,103.8767639,1.3120138
Rapid Physiocare,,103.8938988,1.3173794
Sin Chay Medical Institution,,103.884997,1.3137969
Annie Tiang TCM,,103.902016,1.3043241
ACE Therapy Services,,103.9005139,1.3035938
Gentle Dental Group,dentist,103.8301715,1.2954357
Q&M Dental Centre (River Valley),dentist,103.8300802,1.2962809
Redhill Dental Surgery,dentist,103.815157,1.2881403
Meden Clinic & Surgery,clinic,103.8146922,1.2887871
Dr Steven Ang Asthetic & Family Clinic,clinic,103.8161898,1.2890851
Great Wall Acupuncture Clinic,clinic,103.8162302,1.2891531
Liu TCM clinic,clinic,103.8255999,1.2825111
Chua and Partners Family Clinic,clinic,103.8267238,1.2857232
Bright Smile Dental Surgery,dentist,103.8269515,1.2854949
Parkway Shenton Medical Group,clinic,103.8497728,1.2807119
Jinmin Clinic,clinic,103.9118537,1.3187727
A Medical Clinic,clinic,103.8402447,1.2774422
Hill Spring Medical,doctors,103.8291137,1.3715535
OneCare Clinic,clinic,103.7519793,1.3588217
Vista Dental Surgery,dentist,103.7518632,1.3591801
National Health Group Diagnostics X-Ray,clinic,103.858959,1.3345021
GoodDoctors Medical Clinic,clinic,103.8977913,1.3167036
British Dental Surgery,dentist,103.7429416,1.3852622
Bloodbank@HSA,,103.8383246,1.2804798
Watsons,pharmacy,103.8446332,1.3003992
Lee & Ong,dentist,103.8300766,1.3056003
The Bishan Family Doctors,doctors,103.8448002,1.3588625
Healthcare Medical @ Kovan,clinic,103.886752,1.3587141
Crown Dental Surgery,dentist,103.8845532,1.3581255
Watsons,pharmacy,103.8266444,1.2865252
OneCare Medical Tiong Bahru,clinic,103.8287953,1.286088
Healthmark Clinic,doctors,103.6971597,1.3415955
My Family Clinic,doctors,103.6971951,1.3416164
Pier Medical Centre,doctors,103.6973409,1.3454948
Ayush Ayurvedic,clinic,103.8522813,1.3100182
Q&M Dental Surgery,dentist,103.7740475,1.3399601
Watsons,pharmacy,103.7490707,1.3499554
Hisemainn Medical Clinic,doctors,103.7040322,1.3536024
Guardian,pharmacy,103.923476,1.312895
Parkway Cancer Centre,clinic,103.8353997,1.3050898
Bethesda Medical,clinic,103.8875457,1.3338071
Frontier Family Medicine Clinic,clinic,103.8874844,1.3337201
Amber,pharmacy,103.8458117,1.28295
Teeth @ Tiong Bahru,dentist,103.8290044,1.286045
Q&M Dental Center (Balestier),clinic,103.8427332,1.3263295
Acumed Medical Group,doctors,103.6779312,1.3277251
Parkway Shenton Medical Group,clinic,103.8946109,1.3191671
Watsons,pharmacy,103.8941065,1.3185493
Unity,pharmacy,103.8433675,1.3201525
The Muscle Lab Singapore,,103.8623823,1.3021458
Eu Yan Sang TCM Clinic,,103.828141,1.286481
Diagnostic Imaging 2,,103.8014473,1.2870288
Diagnostic Imaging 3,,103.8014004,1.287065
Global Ayurvedic Medicine,,103.8581325,1.3160832
"Drs Koo, Loh & Fok",doctors,103.6302044,1.3107871
Le MinT's Dental Surgery,dentist,103.8510291,1.2910162
AcuHealth TCM Medical Centre,clinic,103.9551593,1.3591034
Unity,pharmacy,103.895154,1.3629422
Lim Country Clinic,clinic,103.8867242,1.3587045
Nam Ann Siang Theon Medical Centre,clinic,103.8875676,1.3586125
Guardian,pharmacy,103.8853952,1.3592975
Watsons,pharmacy,103.8852613,1.3597428
KHOE,doctors,103.8877735,1.3623677
VIVA Medical Group,clinic,103.9402818,1.35752
B9 Dental Centre,dentist,103.8477212,1.3328507
Watsons,pharmacy,103.8481446,1.3328945
Guardian,pharmacy,103.8492586,1.3329443
Q&M Dental Centre,dentist,103.8489192,1.3339268
K. L. Tay Clinic & Surgery,clinic,103.9146544,1.332343
Northeast Medical Group,clinic,103.9260888,1.3331026
Gainhealth Clinic and Homecare,clinic,103.8546373,1.3733471
Blessed health tcm,clinic,103.8570836,1.3708296
Herbs Health,,103.8867172,1.3594518
Armstrong's Sports Therapy,,103.8363375,1.3529051
Nan Yang Family TCM Clinic,,103.8621324,1.3084979
Icon Dental Surgeons,dentist,103.7948908,1.3314921
The Dublin Clinic,doctors,103.7708148,1.3219646
B9 Dental Centre (Clementi),dentist,103.7648427,1.3142384
Pulse TCM Clinic,clinic,103.7827039,1.3165315
Unity,pharmacy,103.9022634,1.4063921
teeth.Q,dentist,103.8712207,1.3919503
My Family Clinic (Anchorvale),clinic,103.8880698,1.394781
OneCare Clinic Punggol Plaza,clinic,103.9129975,1.394315
AE Medical Clinic,clinic,103.8779152,1.3982332
Watsons,pharmacy,103.8395478,1.3019116
Watsons,pharmacy,103.8461575,1.2758411
International Plaza Dental Surgeons,dentist,103.8462522,1.2758486
Ren Shan TCM Acupuncture Clinic,,103.8137919,1.2875404
The Smell Lab,,103.8539163,1.2995027
Phyx Physiotherapy,,103.8582925,1.3004363
The Clinic @ Campus,clinic,103.8500685,1.2963561
Kim Ginseng Chinese Medicine,pharmacy,103.8449571,1.2845415
Family Medicine Clinic Chinatown,clinic,103.8447974,1.284741
Watsons,pharmacy,103.857907,1.2911453
Oliver Dental Surgery,dentist,103.8956005,1.3065832
Shim Clinic,clinic,103.9445402,1.3201119
Tanamera Clinic,clinic,103.9439983,1.3197728
Ma Kuang TCM Medical & Healthcare Centre,,103.8554415,1.2971541
Le Mint's Dental Centre,dentist,103.9062548,1.30661
Katong Baby & Child Clinic,clinic,103.906717,1.30727
Wisteria Xuan TCM,clinic,103.9067488,1.3072951
Raintree Dental Clinic,dentist,103.9044803,1.3057571
Lifecare Medical Centre,clinic,103.8869128,1.3290692
MacPherson Medical Clinic,clinic,103.8852316,1.3276628
Wong Family Clinic & Surgery,clinic,103.9089331,1.3314315
Tay Clinic,clinic,103.9088054,1.3314484
Tan & Koh Clinic & Surgery,clinic,103.9097041,1.3313435
Q & M Dental Surgery,dentist,103.9140215,1.3320548
Pan Island dental Surgery,dentist,103.9142633,1.3325618
Pam Island Clinic & Surgery,clinic,103.9143056,1.332581
Healthplus Clinic & Surgery,clinic,103.9156241,1.3331379
Eastern Medical Centre,clinic,103.9156911,1.3332007
Manchester Dental Care,dentist,103.9143671,1.3332775
Yap Teck Seng Samuel T.C.M.,,103.9151842,1.3328711
YSL Bedok Clinic & Surgery,clinic,103.9258356,1.3317292
KHO Clinic,clinic,103.9242805,1.3323682
No Ai TCM Clinic,clinic,103.8578117,1.324766
Chinese Acupuncture & Cauterization Centre,,103.8578405,1.3151443
HealthLine Family Clinic,clinic,103.9239452,1.3234738
OEI & KOH,clinic,103.8566962,1.3357219
Guardian,pharmacy,103.8595169,1.2934085
Welcia BHG,pharmacy,103.8599029,1.2951963
G-Clinic,clinic,103.8597838,1.2921193
M K Dental Surgery,dentist,103.9023403,1.329663
新人光學眼鏡 NewMan Optics,,103.9379875,1.3328011
Guardian,pharmacy,103.9406857,1.3533826
Oaklife Family Clinic,clinic,103.8424618,1.3267682
Sata,clinic,103.9211969,1.3278759
Guardian,pharmacy,103.7653711,1.3040836
Q&M Dental Surgery,dentist,103.75103,1.3592316
First Light Clinic,clinic,103.7577652,1.3487394
Lifeline Neighbourhood Medical Clinic,clinic,103.7571578,1.3480298
Rehabilitation 1,,103.8002625,1.2860746
Unity,pharmacy,103.8107091,1.2925693
Nursing Training Centre,hospital,103.801972,1.2870419
Royce Dental Orthodontic Centre,dentist,103.8758875,1.3917445
Life Family Clinic,clinic,103.8467562,1.3714569
Proventia Medical & Dental,clinic,103.7827841,1.3166845
Minmed Clinic (Sengkang),clinic,103.8949214,1.391998
Guardian,pharmacy,103.7859506,1.3174146
Hockhua Tonic,,103.9020175,1.4065255
Acumed Medical Group,clinic,103.8927828,1.389895
Q&M Dental,dentist,103.7959918,1.3112363
Smilepoint,dentist,103.7965005,1.311057
Sports Solutions,,103.7965337,1.3107864
My Braces Clinic,dentist,103.7963925,1.3103126
Dr W.K. Koo & Associates P.L.,doctors,103.7479613,1.3208212
MyHealth Medical Centre,doctors,103.7589228,1.3122288
Procross Medical Center,clinic,103.868308,1.3318806
Ban Kok Clinic & Surgery,clinic,103.8675772,1.3316487
Guardian,pharmacy,103.8487601,1.3505214
AeroV,,103.8367845,1.3525721
Doctors Inc Medical Group,clinic,103.8496979,1.3335559
T P Sim Family Clinic & Surgery,clinic,103.8495658,1.3484422
Guardian,pharmacy,103.7647031,1.3151897
Tiong Onn Medical Hall,,103.8859921,1.3744215
The iClinic,clinic,103.8268785,1.2855801
Han TCM,,103.8268999,1.2855196
Tiong Bahru Dental Surgery,dentist,103.8281305,1.2864097
Raffles Medical,clinic,103.7638595,1.3784112
Raffles Dental,dentist,103.7639565,1.3783761
Watsons,pharmacy,103.7636844,1.3783646
Doctor Jay Medical Center,doctors,103.8387311,1.2980082
Healing Hands Chiropractic,,103.8512489,1.2914333
Elyon Family Clinic & Surgery,clinic,103.8085649,1.2739437
Dover Medical Centre,clinic,103.7869593,1.2961959
Thomson Chinese Medicine,,103.7848169,1.2934047
One Medical Clinic,doctors,103.6974234,1.3461364
Acumed Medical Group,doctors,103.7060509,1.3401223
DA Clinic @ Taman Jurong,clinic,103.7232314,1.3266952
West Point Clinic,doctors,103.6929272,1.3469236
The Rehab Practice (Paediatric) Pte Ltd,clinic,103.7930458,1.3023049
Osteopathic Healthcare Pte Ltd,clinic,103.7930402,1.3024631
Point Medical Group,doctors,103.7202551,1.3344901
Frontier Medical Associates,doctors,103.7034374,1.3450954
Hong Kah Chinese Medical Hall,pharmacy,103.7311822,1.3502754
Guardian,pharmacy,103.7057229,1.3391645
Guardian,pharmacy,103.7054675,1.3393962
Lil Warrior,,103.7724474,1.3409046
Prohealth Medical Group,doctors,103.6997945,1.3399395
Excelsior Clinic,clinic,103.7571639,1.3469753
Goh Clinic,clinic,103.7573318,1.347154
Chungkiaw Clinic,clinic,103.7737993,1.3404871
Ascent Dental Surgeons,dentist,103.7745628,1.3419993
Pure Dental,dentist,103.77398,1.3404612
Mandarin Central & Dental Centre,clinic,103.7738881,1.3404756
Gentle Dental Group,dentist,103.7721856,1.3409993
Cheong Medical Clinic,clinic,103.7733342,1.340453
Toh Yi Medical Clinic,clinic,103.773216,1.3399856
Frontier Family Medicine Clinic,clinic,103.7651961,1.3142867
马光中医诊所,,103.7529503,1.3805389
My Family Clinic (Segar),clinic,103.771415,1.3885085
Banyan Clinic,doctors,103.7181864,1.3504414
Silver Cross Medical,doctors,103.7178464,1.3503573
Icon Medical Clinic,doctors,103.7194569,1.3454394
Caring Family Clinic,doctors,103.7192017,1.3499625
Kinder Family Clinic,doctors,103.7190743,1.3503539
The Doctor's Clinic,doctors,103.7247127,1.3518816
Teck Seng Chinese Physician,pharmacy,103.7183616,1.3539236
Northeast Medical Centre,doctors,103.7199211,1.3506929
Guardian,pharmacy,103.7203853,1.3440766
My Doctor,doctors,103.720253,1.34413
Lakeside Family Medicine Clinic,clinic,103.7188383,1.3454017
OneCare Clinic Boon Lay,doctors,103.7121141,1.346558
The Hearing Room,clinic,103.85115,1.2914685
中华医院,clinic,103.8513408,1.3322949
Smile Central Clinic,dentist,103.8501775,1.3320964
City Dental Surgery,dentist,103.8512639,1.2912057
Royce Dental Surgery,dentist,103.8492972,1.3483334
Ashi Foot Reflexology,,103.8478133,1.3717551
Watsons,pharmacy,103.8488919,1.369613
Thai Thong Medical Store,,103.815529,1.2892192
Redwood Clinic And Surgery,clinic,103.8171078,1.289268
Island Family Clinic,clinic,103.8716567,1.3920201
Minmed Clinic,clinic,103.901691,1.4064469
One Doctors Family Clinic,clinic,103.9017623,1.4065447
Trinity Medical (Punggol),clinic,103.9013551,1.4021598
Zenith Medical Clinic,clinic,103.8976301,1.4051418
Etern Medical Clinic (Punggol Sumang LRT),clinic,103.8990035,1.4083592
Pinnacle Family Clinic,clinic,103.9017682,1.4167142
Compassvale 297A Medical Clinic,clinic,103.900574,1.3950826
Watsons,pharmacy,103.9045989,1.3921619
StarMed Specialist Centre,hospital,103.8546429,1.3122814
Guardian Health & Beauty,pharmacy,103.8693722,1.3874024
Q&M,dentist,103.8414082,1.4181979
Q&M Dental Surgery (Sengkang),dentist,103.8969048,1.3975985
Parkway Shenton Medical Group,clinic,103.9128899,1.4029763
Guardian,pharmacy,103.8951582,1.3924424
Outpatient Pharmacy,pharmacy,103.8934537,1.3947382
Health way Medical,clinic,103.8971415,1.3834403
Mutual Healthcare Medical Clinic,clinic,103.8972981,1.3857092
Watsons,pharmacy,103.9130855,1.3943671
B. K. Lim Dental Surgery,dentist,103.9146377,1.3323828
International Dental Centre,dentist,103.8469977,1.2825307
Northeast Medical Group,clinic,103.9536387,1.3427788
Ma Kuang TCM Medical Centre,clinic,103.8555019,1.3687218
Astra Women's Specialist Centre,clinic,103.8485376,1.3485176
T&T Dental Surgery,dentist,103.8485713,1.3486548
Bright Dental Surgery,dentist,103.888254,1.3628253
Dr Chan Clinic,clinic,103.8880613,1.3593415
Gynae Health Clinic For Women,clinic,103.887589,1.3593376
Watsons,pharmacy,103.8762307,1.3911897
ProHealth Medical Group @ Fernvale LRT,clinic,103.8763298,1.3923951
ProHealth Medical Group @ Fernvale,pharmacy,103.876047,1.3916854
The Balmoral Clinic,clinic,103.8766971,1.302259
Mandarin Dental Centre,dentist,103.8519941,1.3616299
Intemedical Teck Ghee,clinic,103.84861,1.3641077
Q&M Dental Surgery,dentist,103.9494728,1.3725869
Raffles Dental,dentist,103.9496667,1.3725771
Watsons,pharmacy,103.9499905,1.3725046
Kong Choi,,103.8487128,1.3484836
Kin Teck Tong,,103.8733152,1.3026251
AllSmiles Dental Care Rochor,dentist,103.8513572,1.3050567
Li Dental Centre,dentist,103.8493521,1.3006865
Nuffield Dental Central,dentist,103.8515196,1.3050119
Institute of Mental Health,hospital,103.8845994,1.3818667
Joash Family Clinic and Surgery,clinic,103.8885051,1.3630401
Unity,pharmacy,103.8943206,1.3191001
Neo Smiles Dental Studio Kovan,dentist,103.8872185,1.3589594
Evangel Medical Clinic,clinic,103.924687,1.3275529
The Dental Practice,dentist,103.921251,1.3373225
S.T. Medical Clinic,clinic,103.9260241,1.3330877
Thomson Women's Clinic,clinic,103.8268548,1.2856271
Greenlife Dental Clinic,dentist,103.826988,1.2854362
Christian Outreach to the Handicapped,,103.94623,1.3598396
Chung Hwa Medical Institution,clinic,103.8021087,1.440225
Guardian,pharmacy,103.8277401,1.430565
OneDoctors,clinic,103.8345881,1.4172444
Advanced Dental,dentist,103.9017213,1.4167455
Guardian,pharmacy,103.9896318,1.3568243
Mediline Wei Min Clinic,clinic,103.8661498,1.3651898
K.N. Lau Clinic,clinic,103.8660983,1.3647782
Guardian,pharmacy,103.865514,1.3641107
Jade Medical Clinic,clinic,103.846639,1.2891622
Dawson Medical Singapore,clinic,103.8094704,1.2953713
Minmed Clinic (Redhill),clinic,103.8170888,1.2900423
Clementi Polyclinic,clinic,103.7656185,1.3126992
Central 24-hr clinic,clinic,103.7655012,1.3134311
Medical Clinic,doctors,103.8989326,1.3727614
Central 24-Hr Clinic (Hougang),clinic,103.8856713,1.3725723
Rhema,clinic,103.8791387,1.3544962
FHC Dialysis Centre Pte Ltd,clinic,103.8856749,1.3620171
Medicane Associates,clinic,103.8703705,1.3698791
Chiew Clinic,clinic,103.885093,1.3620335
Guardian,pharmacy,103.8725831,1.3506629
Drs Lim & Chan Clinic,clinic,103.8757569,1.3506791
Watsons,pharmacy,103.8938132,1.3726746
Chen Family Clinic,clinic,103.8727691,1.3702358
NTUC Health Denticare,dentist,103.8855596,1.3742216
Guardian,pharmacy,103.8500176,1.3496673
Guardian,pharmacy,103.8758859,1.3915673
Vital Care,clinic,103.8540144,1.3725978
Healthway Medical,clinic,103.8507325,1.3626523
Watsons,pharmacy,103.8877603,1.3794249
TCM Clinic,clinic,103.8733882,1.3291615
Suwen TCM Clinic Pte Ltd,clinic,103.8349052,1.3524338
LVDA Dental Centre,dentist,103.8344487,1.3528108
Dental Surgery,dentist,103.8498585,1.3692387
Guardian,pharmacy,103.9144833,1.333176
Watsons,pharmacy,103.8893864,1.3343042
Guardian,pharmacy,103.8685212,1.3315632
Watsons,pharmacy,103.8685179,1.3314399
SATA CommHealth Potong Pasir Medical Centre,clinic,103.8700587,1.3290723
Shenton Medical Clinic,clinic,103.9219446,1.3374415
Guardian,pharmacy,103.9219774,1.337509
Unihealth Toa Payoh,clinic,103.8493034,1.3335469
Raffles Medical,clinic,103.8495277,1.333908
Newlife Dental Practice,dentist,103.8465729,1.289245
Q&M Dental Surgery,dentist,103.8727968,1.3502367
National University Hospital,hospital,103.7830593,1.2941992
Ooagachaga,clinic,103.8440475,1.2834262
DennisTan.com.sg - Veneers Singapore,dentist,103.8522148,1.283571
Anteh Dispensary Pte Ltd,pharmacy,103.8824701,1.3127004
TSD Dental Group (Tampines),dentist,103.9444193,1.3549877
Hock Leong Ann TCM Clinic,clinic,103.891881,1.4023201
Calrose Medical,clinic,103.8920392,1.4022893
OrthoSportsAtConnexion,clinic,103.8539957,1.3125904
新中,,103.7655656,1.3132844
Tiong Bahru Community Healthcare Centre,,103.8260893,1.285634
The Movement Laboratory,,103.7899723,1.3017557
Sichuan Chinese Medicine Centre,,103.915289,1.3329034
Singapore Paincare TCM Wellness,clinic,103.8575122,1.2913006
Guardian,pharmacy,103.9892831,1.3540432
faber health resource center,pharmacy,103.814787,1.2688369
Sefton Medical Centre Pte. Ltd.,clinic,103.7936658,1.3074333
May Medical Clinic & Surgery,clinic,103.7934864,1.307553
Healthway Medical Clinic,clinic,103.7933325,1.3076768
Dr Seow Dental Clinic,dentist,103.7930827,1.3072494
Family Health Clinic,clinic,103.7928071,1.3074786
Raffles Medical,clinic,103.8589975,1.2910677
Bethel Dental Surgery,dentist,103.7642492,1.3805246
Tampines Family Medicine Clinic,clinic,103.9396652,1.353639
Smile Concept Dental Practice,dentist,103.8767596,1.3022771
The Neptune Clinic,clinic,103.7670566,1.313717
Canterbury Family Clinic & Surgery,clinic,103.7670575,1.3140032
Family Medical Clinic,clinic,103.7570747,1.3476746
Raffles Medical,clinic,103.962505,1.3349022
Q&M Dental Surgery (Hougang),dentist,103.8954633,1.3704538
Fundamental Aesthetic Medical Clinic,clinic,103.8954421,1.3705083
The Cheery Child Clinic,clinic,103.8954645,1.3704387
Trucare Medical & Surgery,clinic,103.8954267,1.3703744
Dr Plus Medical & Paincare Hougang,clinic,103.8954608,1.3703931
Smilefocus,dentist,103.8238791,1.3031326
Guardian,pharmacy,103.8525211,1.2841853
GPA Dental @ Parkview Square,dentist,103.8573517,1.3002416
Ong's Clinic,clinic,103.8524129,1.3027238
Siah Ah Cheok Chinese Medical Hall,,103.8799713,1.3482772
St Luke's Eldercare Active Ageing Centre (Care) @ Northshore,,103.9007035,1.4174502
Chien Chi Tow,,103.8949565,1.3079475
Exodus Physiotherapy,,103.8953257,1.3706394
Xiang Sheng Tang TCM Pte. Ltd.,,103.8950449,1.3706986
Zu Le Fang,,103.8949997,1.3706581
Everhealth Family Clinic & Surgery,doctors,103.6978081,1.3486805
Lee Family Clinic,doctors,103.6978948,1.3486717
Dr. W. K. Koo & Associates P.L.,doctors,103.7053262,1.3383092
AcuMed Medical Group,doctors,103.7052453,1.3382834
Guardian,pharmacy,103.6913104,1.3414145
Healthway Medical,doctors,103.6911995,1.3414323
TS Dental Care,dentist,103.8621557,1.3085329
Apex Medical Centre,doctors,103.6913906,1.3414074
"Drs Koo, Fok & Associates",doctors,103.6978778,1.337582
"Drs Oh, Lim, Wong & Partners",doctors,103.6906352,1.3414922
Ong's Clinic,clinic,103.8527701,1.3022975
Roy's Family Clinic,clinic,103.8345517,1.4171724
Tayka Medical,pharmacy,103.8548514,1.309443
Ayush Ayurvedic,clinic,103.8523607,1.3101296
Kerala Ayuverda Clinic,clinic,103.8514547,1.3084318
Wahweda's,clinic,103.8515389,1.3069464
Depacific Dental Group,dentist,103.6926113,1.3416444
Littke India Dentist,dentist,103.8515923,1.3068994
Guardian,pharmacy,103.8465992,1.2887832
Guardian,pharmacy,103.8436057,1.3200693
Watsons,pharmacy,103.8437297,1.3202555
NKF Dialysis Centre,clinic,103.8234166,1.2825995
Sembawang Polyclinic (U/C),clinic,103.8228151,1.4482078
SingYan Tang,,103.8621854,1.3082206
Ecobody Healthcare,,103.8424723,1.3255773
Terragold TCM,,103.8431033,1.3202553
International Medical Clinic,clinic,103.9045224,1.304979
AMK Specialist Centre,clinic,103.8471951,1.3723779
Chan Family Clinic,clinic,103.9005451,1.3035333
Glory Dental Surgery,dentist,103.9007459,1.3035661
Adam Road Medical Center,doctors,103.8102598,1.3236806
Sunshine Dental,dentist,103.8620962,1.3022448
Joy Family Clinic,clinic,103.9199923,1.3371143
Guardian,pharmacy,103.8316423,1.3039815
Guardian,pharmacy,103.8359113,1.3035419
Guardian,pharmacy,103.8327398,1.305803
TSD Dental Group,dentist,103.7430261,1.3850229
Phoenix Medical Group Novena,doctors,103.8416434,1.3211611
Q & M Dental Surgery (Jurong West),dentist,103.7070067,1.3395352
Liang Yi,,103.9052169,1.3051025
Bao Zhi Tang,,103.903042,1.303677
Dong Fa,,103.9009694,1.3038107
Communikidz Therapy,,103.8623953,1.3023074
Thomson Medical Chinese Medicine,,103.8427126,1.3256108
Dr Chua's Family Clinic,doctors,103.6971161,1.3415639
Amoy street dental,dentist,103.8470752,1.2806309
Killiney Medical Clinic,clinic,103.8395433,1.298913
GIFT Medical Centre,doctors,103.8787728,1.3331731
Tai Dental Surgery,dentist,103.9239595,1.3234271
Luminous,dentist,103.9237244,1.3236722
Family Dental Centre,dentist,103.8534591,1.3225539
Dr W K Koo & Associates,doctors,103.7062309,1.3403378
Everhealth Medical Centre,clinic,103.8915104,1.3777985
Elissa Medical Clinic,clinic,103.8796958,1.3757868
Unity,pharmacy,103.8794441,1.3754781
Healthway Clinic,doctors,103.7068471,1.3411979
College Clinic,clinic,103.77589,1.3024931
Eiddwen Family Medicine Clinic,clinic,103.884491,1.3096209
Guardian,pharmacy,103.8937958,1.3722863
Parklane Medical Centre,clinic,103.8493335,1.3006418
"Blk 101, ttsh foot and limb center",hospital,103.8484559,1.3206085
KiroLounge - The Spine Place,clinic,103.8577221,1.301773
Smile Dental Group,dentist,103.9073671,1.3077289
Royce Dental Surgery,dentist,103.8717817,1.3387253
Parkway MediCentre,clinic,103.8720397,1.3386411
Ava Eye Clinic,,103.8427548,1.3204025
Watsons,pharmacy,103.8304262,1.3542764
Guardian,pharmacy,103.8305725,1.3544305
Q&M Dental Surgery,dentist,103.8618426,1.3202941
Tang Family Clinic,clinic,103.7731508,1.3404956
White Eco Dental Care,dentist,103.9067472,1.302542
Healthway Medical,clinic,103.861451,1.3197988
El Shaddai,clinic,103.8619888,1.3204719
Tan Teoh Clinic & Surgery,clinic,103.8609969,1.3192674
Yooi Clinic,clinic,103.8619348,1.3204059
Dental Focus,dentist,103.8994402,1.3164253
True care Clinic,clinic,103.8541035,1.3144784
The Other Clinic,clinic,103.8811219,1.3150224
Q&M Dental Centre,dentist,103.8427334,1.3263297
Central Clinic Surgery,clinic,103.9072184,1.3024141
Smile Arts Dental Studio,dentist,103.9071876,1.3024587
Imperial TCM Pte. Ltd.,pharmacy,103.9071637,1.3024933
TC Family Clinic,doctors,103.7170846,1.3475136
Shenton Medical Group,clinic,103.9422417,1.3787067
Healthway Medical Clinic,clinic,103.9422286,1.3787806
Healthway Medical Clinic,clinic,103.9421928,1.3788465
Elias Family Clinic & Surgery,clinic,103.9421381,1.3788978
Kidneycare Dialysis Centre,clinic,103.9418327,1.3785468
K.B. Tan Clinic & Laser Surgery,clinic,103.9417791,1.3787575
Ngoi Dental Surgery,dentist,103.7170843,1.3474136
Low & Lee Clinic & Surgery,clinic,103.919211,1.3272878
FamilyCare Clinic and Surgery,clinic,103.918916,1.3271135
Fresenius Medical Care,clinic,103.7296144,1.3491163
United Health Family Clinic & Surgery,clinic,103.8371166,1.4176987
Eu Yan Sang,,103.8947137,1.3920544
Vitality TCM Wellness,,103.8529754,1.3224369
Care Physiotherapy Clinic,,103.8575901,1.3124597
Prorehab,,103.8524344,1.3176411
Singapore Orthopaedic Clinic,clinic,103.8441955,1.3220092
Azure Dental,dentist,103.7963823,1.3310028
St John Singapore Dementia Centre,clinic,103.8634603,1.3016846
NKF Dialysis Center,clinic,103.8914706,1.3961432
Watsons,pharmacy,103.8525292,1.2842405
MobileDoctorClinic,clinic,103.8469329,1.2848614
Urgent Care Centre,hospital,103.8016072,1.2869166
The Family Doctor,doctors,103.8349452,1.3523595
Guardian,pharmacy,103.9017048,1.4065476
Vista Dental Surgery,dentist,103.8954867,1.3921732
Healthmark Family Clinic (Compassvale),clinic,103.8958158,1.3950646
Smile Arts Dental Studio,dentist,103.8936376,1.3828371
My Family Clinic (Hougang Central),clinic,103.8947294,1.3707002
Raffles Medical,clinic,103.8939429,1.3713249
Vista Dental Surgery,dentist,103.8938363,1.3712066
ProHealth,clinic,103.8937854,1.3826272
Hougang Central Medical Clinic,clinic,103.8947603,1.3708928
Shenton Medical Group,clinic,103.8933453,1.3829151
Health First Family Clinic,clinic,103.825695,1.2825856
Garden Clinic,clinic,103.8677737,1.3536722
Denticare,dentist,103.7631848,1.3135501
Onecare Clinic,clinic,103.7621248,1.3870608
GP @ Joo Chiat Clinic,doctors,103.900192,1.3123694
All Kong Tong TCM,,103.8540122,1.2968395
Bloodbank@One Punggol,,103.9046775,1.4079068
Sing Kang TCM Clinic,,103.843353,1.3179652
HAN TCM Medical,,103.7631406,1.313602
Watsons,pharmacy,103.8567805,1.3111274
Guardian,pharmacy,103.8565091,1.3110647
Guardian,pharmacy,103.9048981,1.3055003
Guardian,pharmacy,103.7956263,1.3105943
Watsons,pharmacy,103.7940503,1.3111485
Guardian,pharmacy,103.8215352,1.264681
Joy Dental Centre (Punggol),dentist,103.9051175,1.4094213
Joy Dental Centre,dentist,103.816864,1.283332
Family Health Clinic & Surgery,clinic,103.8422296,1.3258868
Guardian,pharmacy,103.8448923,1.3010042
Guardian,pharmacy,103.8558609,1.2996703
Tooth Matters Dental Surgery,dentist,103.8534251,1.2966658
Quantum Medical Imaging,clinic,103.8644963,1.3095086
The Clinic @ Aperia,clinic,103.8640917,1.3096636
Delta Dental Surgeons,dentist,103.8644371,1.3094964
Neo Smiles Dental Studio,dentist,103.9320408,1.3257047
Guardian,pharmacy,103.7645017,1.3630511
HC Endoscopy & Piles Centre,clinic,103.8491921,1.3331325
Alliance Medical Centre,doctors,103.8461112,1.2987128
Hyperbaric Medical Services,clinic,103.8422485,1.3247768
LKF Medical,clinic,103.8477685,1.2867403
Holistic Care Family Clinic,clinic,103.8715542,1.3918582
Guardian,pharmacy,103.8305586,1.4433012
Kang Clinic,clinic,103.8728442,1.395961
Healthway Medical,clinic,103.8165964,1.4531482
Sembawang Dental Surgery,dentist,103.8168459,1.4530155
Temasek Medical Centre,clinic,103.8169122,1.4529786
PanHealth Family Clinic (Hougang),clinic,103.8821732,1.3751009
Bliss Dental (Hougang),dentist,103.8796411,1.3758402
Watsons,pharmacy,103.8509412,1.2810341
Absolute Family Dental,dentist,103.8619364,1.3177486
Toothsmith,dentist,103.8687047,1.3310671
PanHealth Family Clinic,clinic,103.9005482,1.4112949
Guardian,,103.7939161,1.3112865
Bloodbank @ One Punggol,,103.9050683,1.409303
St Luke's Eldercare Senior Care Centre,,103.905091,1.4090843
Bodyworks Chiropractic,,103.8644913,1.3095442
Time Enterprise TCM,,103.8639577,1.3096732
depacific,dentist,103.8454947,1.3266743
Guardian,pharmacy,103.7951485,1.437401
Tanjong Pagar Medical Hall,pharmacy,103.8432453,1.2768194
Q&M Dental Surgery,dentist,103.8481904,1.3485978
DePacific Dental,dentist,103.8464306,1.327036
"Japanese Association Clinic, Singapore",clinic,103.8157691,1.330635
LiveWell Medical,clinic,103.8465576,1.3267486
Singapore General Hospital,pharmacy,103.8349441,1.2796064
Q&M,dentist,103.8505353,1.2915727
Malayala Ayurveda Vaidyasala,,103.8565451,1.3130987
Global Ayurveda Centre,,103.8581873,1.3161868
Zhong Yue Therapy,,103.8465044,1.3270429
Qian Jin TCM,,103.8463715,1.3267399
Mount Elizabeth Proton Therapy Centre,hospital,103.8450626,1.3224903
Carelink,clinic,103.8501156,1.3259807
Trans Island Medical Group,clinic,103.8621964,1.3208122
Nuffield Dental,dentist,103.7938571,1.3112519
Healthmark Medical Clinic,clinic,103.9159399,1.3994341
Balestier Medical Clinic,clinic,103.8532002,1.3213048
Advanced Dental,dentist,103.8631342,1.3183477
Elevate Physiotherapy,,103.865737,1.3648296
ATA Medical,,103.8446046,1.2738358
Raffles Medicial,clinic,103.9864825,1.3579669
Singapore Chee Chung Huay Free Clinic,clinic,103.8796607,1.3310478
The Oral Maxillofacial Practice,doctors,103.8443128,1.3221308
Synergy Orthopaedic Group,doctors,103.8441796,1.3221208
Guardian,pharmacy,103.8399817,1.3014748
Q&M,dentist,103.8451123,1.2856707
Guardian,pharmacy,103.8598264,1.2954377
Guardian,pharmacy,103.859115,1.295041
Guardian,pharmacy,103.8881079,1.3967608
SingHealth Pharmacare,pharmacy,103.8929535,1.3948296
Tanglin Dental,dentist,103.763775,1.3223571
Pinnacle Family Clinic,clinic,103.7637757,1.3224108
Watsons,pharmacy,103.892642,1.3173199
Watsons Health,pharmacy,103.8358132,1.3033539
Dover Park Hospice,,103.8462468,1.3238127
Ocean TCM & Beaute,,103.8450445,1.3267009
